-- ═══════════════════════════════════════════════════════════════════════
-- RiskGuard — Seed Data
-- Demo company: אשראי פייננס בע״מ
-- Run: supabase db reset (drops + recreates + runs this seed)
-- Source: All data from riskguard-v11.jsx demo
-- ═══════════════════════════════════════════════════════════════════════

-- ═══ REGULATORY REFERENCE DATA (shared, no tenant) ═══

INSERT INTO regulations (id, code, name_he, name_en, country_code, effective_date, status) VALUES
  ('11111111-0000-0000-0000-000000000001', '2024-10-2', 'הוראות למתן אשראי - ניהול סיכונים', 'Credit Risk Management Directive', 'IL', '2024-10-01', 'active'),
  ('11111111-0000-0000-0000-000000000002', '2022-10-9', 'ניהול סיכוני סייבר בגופים מפוקחים', 'Cyber Risk Management for Supervised Entities', 'IL', '2022-10-01', 'active');

-- ═══ REG SECTIONS — Circular 2024-10-2 ═══

INSERT INTO reg_sections (id, regulation_id, parent_id, section_ref, title_he, level, sort_order) VALUES
  -- Top-level sections
  ('22220001-0000-0000-0000-000000000001', '11111111-0000-0000-0000-000000000001', NULL, '2(א)', 'חובות הדירקטוריון', 1, 1),
  ('22220001-0000-0000-0000-000000000002', '11111111-0000-0000-0000-000000000001', NULL, '3', 'מבנה ארגוני וממשל', 1, 2),
  ('22220001-0000-0000-0000-000000000003', '11111111-0000-0000-0000-000000000001', NULL, '4', 'זיהוי, מדידה וניטור סיכונים', 1, 3),
  ('22220001-0000-0000-0000-000000000004', '11111111-0000-0000-0000-000000000001', NULL, '5', 'סיכון תפעולי', 1, 4),
  ('22220001-0000-0000-0000-000000000005', '11111111-0000-0000-0000-000000000001', NULL, '6', 'מיקור חוץ', 1, 5),
  ('22220001-0000-0000-0000-000000000006', '11111111-0000-0000-0000-000000000001', NULL, '7', 'המשכיות עסקית', 1, 6);

-- ═══ REG SECTIONS — Circular 2022-10-9 ═══

INSERT INTO reg_sections (id, regulation_id, parent_id, section_ref, title_he, level, sort_order) VALUES
  ('22220002-0000-0000-0000-000000000001', '11111111-0000-0000-0000-000000000002', NULL, '2(א)', 'ממשל סייבר', 1, 1),
  ('22220002-0000-0000-0000-000000000002', '11111111-0000-0000-0000-000000000002', NULL, '3', 'ניהול סיכוני סייבר', 1, 2),
  ('22220002-0000-0000-0000-000000000003', '11111111-0000-0000-0000-000000000002', NULL, '4', 'הגנת סייבר', 1, 3),
  ('22220002-0000-0000-0000-000000000004', '11111111-0000-0000-0000-000000000002', NULL, '5', 'ניהול אירועי סייבר', 1, 4);

-- ═══ REG REQUIREMENTS (sample — matching demo data) ═══

INSERT INTO reg_requirements (id, section_id, requirement_he, frequency, priority, tier, module, feature_he, req_code) VALUES
  -- Governance (2024-10-2 § 2(א))
  ('33330001-0000-0000-0000-000000000001', '22220001-0000-0000-0000-000000000001', 'מדיניות ניהול סיכונים מאושרת ע״י הדירקטוריון', 'annual', 'P0', 'starter', 'governance', 'ספריית מסמכים', 'GOV-01'),
  ('33330001-0000-0000-0000-000000000002', '22220001-0000-0000-0000-000000000001', 'מינוי מנהל סיכונים', 'one_time', 'P0', 'starter', 'governance', 'הגדרות — פרופיל', 'GOV-02'),
  ('33330001-0000-0000-0000-000000000003', '22220001-0000-0000-0000-000000000001', 'פיקוח הדירקטוריון על ניהול סיכונים — דיווח רבעוני', 'quarterly', 'P0', 'starter', 'governance', 'דוח דירקטוריון', 'GOV-03'),
  ('33330001-0000-0000-0000-000000000004', '22220001-0000-0000-0000-000000000002', 'ועדת סיכונים בדירקטוריון', 'quarterly', 'P1', 'starter', 'governance', 'ממשל — ועדת היגוי', 'GOV-04'),
  -- Operational Risk (2024-10-2 § 5)
  ('33330001-0000-0000-0000-000000000005', '22220001-0000-0000-0000-000000000004', 'הערכת סיכונים תפעוליים', 'annual', 'P0', 'starter', 'operational', 'מאגר סיכונים', 'OPS-01'),
  ('33330001-0000-0000-0000-000000000006', '22220001-0000-0000-0000-000000000004', 'תהליך דיווח אירועי הפסד', 'quarterly', 'P1', 'starter', 'operational', 'דיווח אירועים', 'OPS-02'),
  ('33330001-0000-0000-0000-000000000007', '22220001-0000-0000-0000-000000000004', 'בקרות פנימיות — מסגרת ותיעוד', 'annual', 'P0', 'starter', 'operational', 'מאגר בקרות', 'OPS-03'),
  -- Outsourcing (2024-10-2 § 6)
  ('33330001-0000-0000-0000-000000000008', '22220001-0000-0000-0000-000000000005', 'מדיניות מיקור חוץ', 'annual', 'P0', 'starter', 'outsourcing', 'ספריית מסמכים', 'OUT-01'),
  ('33330001-0000-0000-0000-000000000009', '22220001-0000-0000-0000-000000000005', 'הערכת סיכוני ספקים', 'annual', 'P1', 'starter', 'outsourcing', 'מרשם ספקים', 'OUT-02'),
  ('33330001-0000-0000-0000-000000000010', '22220001-0000-0000-0000-000000000005', 'תוכנית יציאה לספקים קריטיים', 'annual', 'P1', 'starter', 'outsourcing', 'מרשם ספקים', 'OUT-03'),
  -- BCP (2024-10-2 § 7)
  ('33330001-0000-0000-0000-000000000011', '22220001-0000-0000-0000-000000000006', 'תוכנית המשכיות עסקית (BCP)', 'annual', 'P0', 'starter', 'bcp', 'ספריית מסמכים', 'BCP-01'),
  ('33330001-0000-0000-0000-000000000012', '22220001-0000-0000-0000-000000000006', 'ניתוח השפעה עסקית (BIA)', 'annual', 'P0', 'starter', 'bcp', 'BIA', 'BCP-02'),
  ('33330001-0000-0000-0000-000000000013', '22220001-0000-0000-0000-000000000006', 'תרגיל DR שנתי', 'annual', 'P1', 'starter', 'bcp', 'תרגילים', 'BCP-03'),
  -- Cyber Governance (2022-10-9 § 2)
  ('33330002-0000-0000-0000-000000000001', '22220002-0000-0000-0000-000000000001', 'מדיניות סייבר מאושרת ע״י דירקטוריון', 'annual', 'P0', 'pro', 'cyber_governance', 'ספריית מסמכים', 'CYB-GOV-01'),
  ('33330002-0000-0000-0000-000000000002', '22220002-0000-0000-0000-000000000001', 'מינוי מנהל הגנת סייבר', 'one_time', 'P0', 'pro', 'cyber_governance', 'הגדרות — פרופיל', 'CYB-GOV-02'),
  ('33330002-0000-0000-0000-000000000003', '22220002-0000-0000-0000-000000000002', 'הערכת סיכוני סייבר (תלת-שנתית)', '36_months', 'P0', 'pro', 'cyber_governance', 'הערכת סייבר', 'CYB-GOV-03'),
  -- Cyber Protection (2022-10-9 § 4)
  ('33330002-0000-0000-0000-000000000004', '22220002-0000-0000-0000-000000000003', 'סריקות חולשות רבעוניות', 'quarterly', 'P0', 'pro', 'cyber_protection', 'סריקות', 'CYB-PRO-01'),
  ('33330002-0000-0000-0000-000000000005', '22220002-0000-0000-0000-000000000003', 'מבדקי חדירה שנתיים', 'annual', 'P0', 'pro', 'cyber_protection', 'PT', 'CYB-PRO-02'),
  ('33330002-0000-0000-0000-000000000006', '22220002-0000-0000-0000-000000000003', 'הדרכות מודעות סייבר', 'annual', 'P1', 'pro', 'cyber_protection', 'הדרכות', 'CYB-PRO-03'),
  -- Cyber Incidents (2022-10-9 § 5)
  ('33330002-0000-0000-0000-000000000007', '22220002-0000-0000-0000-000000000004', 'נוהל תגובה לאירועי סייבר', 'annual', 'P0', 'pro', 'cyber_incidents', 'ספריית מסמכים', 'CYB-INC-01'),
  ('33330002-0000-0000-0000-000000000008', '22220002-0000-0000-0000-000000000004', 'דיווח אירוע סייבר למפקח', 'one_time', 'P0', 'pro', 'cyber_incidents', 'דיווח אירועי סייבר', 'CYB-INC-02');

-- ═══════════════════════════════════════════════
-- DEMO TENANT: אשראי פייננס בע״מ
-- ═══════════════════════════════════════════════

INSERT INTO tenants (id, name, company_id, license_type, subscription_tier, city, employee_count, portfolio_size, client_count, client_types, locale, onboarding_complete) VALUES
  ('aaaaaaaa-0000-0000-0000-000000000001', 'אשראי פייננס בע״מ', '516012345', 'extended_credit', 'pro', 'תל אביב', '10-20', '₪50-200M', '500-2,000', '["אשראי צרכני","אשראי עסקי"]', 'he', true);

-- ═══ USERS ═══
-- Note: In production, id = auth.uid() from Supabase Auth
-- For seed, we use deterministic UUIDs

INSERT INTO users (id, tenant_id, email, full_name, role, job_title) VALUES
  ('bbbbbbbb-0000-0000-0000-000000000001', 'aaaaaaaa-0000-0000-0000-000000000001', 'yossi@finance.co.il', 'יוסי לוי', 'risk_manager', 'מנהל סיכונים'),
  ('bbbbbbbb-0000-0000-0000-000000000002', 'aaaaaaaa-0000-0000-0000-000000000001', 'dana@finance.co.il', 'דנה כהן', 'risk_manager', 'מנהלת הגנת סייבר'),
  ('bbbbbbbb-0000-0000-0000-000000000003', 'aaaaaaaa-0000-0000-0000-000000000001', 'ronit@finance.co.il', 'רונית גולד', 'admin', 'מנכ״ל');

-- ═══ RISK OFFICER ═══

INSERT INTO risk_officers (id, tenant_id, user_id, full_name, email, roles, reporting_line, appointment_date) VALUES
  ('cccccccc-0000-0000-0000-000000000001', 'aaaaaaaa-0000-0000-0000-000000000001', 'bbbbbbbb-0000-0000-0000-000000000001', 'יוסי לוי', 'yossi@finance.co.il', '["מנהל סיכונים","קצין ציות"]', 'שניהם', '2025-09-01');

-- ═══ DIRECTORS ═══

INSERT INTO directors (id, tenant_id, full_name, email, phone, role) VALUES
  ('dddddddd-0000-0000-0000-000000000001', 'aaaaaaaa-0000-0000-0000-000000000001', 'רונית גולד', 'ronit@finance.co.il', '050-111-1111', 'יו״ר דירקטוריון'),
  ('dddddddd-0000-0000-0000-000000000002', 'aaaaaaaa-0000-0000-0000-000000000001', 'אבי שרון', 'avi@finance.co.il', '050-222-2222', 'דירקטור'),
  ('dddddddd-0000-0000-0000-000000000003', 'aaaaaaaa-0000-0000-0000-000000000001', 'משה דוד', 'moshe@finance.co.il', '050-333-3333', 'דירקטור חיצוני'),
  ('dddddddd-0000-0000-0000-000000000004', 'aaaaaaaa-0000-0000-0000-000000000001', 'דנה כהן', 'dana@finance.co.il', '050-444-4444', 'דירקטור בלתי תלוי');

-- ═══ RISKS (from demo v11) ═══

INSERT INTO risks (id, tenant_id, title, description, category, probability, impact, risk_score, status, owner_id, module, regulation_code, section_ref, req_code) VALUES
  ('eeeeeeee-0000-0000-0000-000000000001', 'aaaaaaaa-0000-0000-0000-000000000001', 'כשל בתהליך אישור אשראי', 'חוסר הפרדת תפקידים, חריגות סמכות', 'operational', 4, 4, 16, 'open', 'bbbbbbbb-0000-0000-0000-000000000001', 'operational', '2024-10-2', '5', 'OPS-01'),
  ('eeeeeeee-0000-0000-0000-000000000002', 'aaaaaaaa-0000-0000-0000-000000000001', 'חוסר מעורבות הדירקטוריון בפיקוח על ניהול סיכונים', NULL, 'governance', 5, 4, 20, 'open', 'bbbbbbbb-0000-0000-0000-000000000001', 'governance', '2024-10-2', '2(א)', 'GOV-03'),
  ('eeeeeeee-0000-0000-0000-000000000003', 'aaaaaaaa-0000-0000-0000-000000000001', 'תלות בספק IT יחיד ללא תוכנית יציאה', NULL, 'outsourcing', 3, 4, 12, 'mitigated', 'bbbbbbbb-0000-0000-0000-000000000001', 'outsourcing', '2024-10-2', '6', 'OUT-03'),
  ('eeeeeeee-0000-0000-0000-000000000004', 'aaaaaaaa-0000-0000-0000-000000000001', 'אין תוכנית BCP מעודכנת', 'תוכנית BCP לא עודכנה ב-18 חודשים', 'bcp', 4, 5, 20, 'open', 'bbbbbbbb-0000-0000-0000-000000000001', 'bcp', '2024-10-2', '7', 'BCP-01'),
  ('eeeeeeee-0000-0000-0000-000000000005', 'aaaaaaaa-0000-0000-0000-000000000001', 'מתקפת פישינג — אין הדרכות עדכניות', NULL, 'cyber', 3, 3, 9, 'open', 'bbbbbbbb-0000-0000-0000-000000000002', 'cyber_protection', '2022-10-9', '4', 'CYB-PRO-03'),
  ('eeeeeeee-0000-0000-0000-000000000006', 'aaaaaaaa-0000-0000-0000-000000000001', 'חולשות קריטיות לא טופלו בזמן', NULL, 'cyber', 4, 5, 20, 'open', 'bbbbbbbb-0000-0000-0000-000000000002', 'cyber_protection', '2022-10-9', '4', 'CYB-PRO-01'),
  ('eeeeeeee-0000-0000-0000-000000000007', 'aaaaaaaa-0000-0000-0000-000000000001', 'ריכוזיות אשראי ענפית מעל סף', NULL, 'credit', 3, 4, 12, 'open', 'bbbbbbbb-0000-0000-0000-000000000001', 'credit', '2024-10-2', '4', 'OPS-01');

-- ═══ CONTROLS (from demo v11) ═══

INSERT INTO controls (id, tenant_id, title, type, frequency, effectiveness, effectiveness_score, regulation_code, section_ref, req_code) VALUES
  ('ffffffff-0000-0000-0000-000000000001', 'aaaaaaaa-0000-0000-0000-000000000001', 'מדיניות ניהול סיכונים מאושרת ע״י הדירקטוריון', 'preventive', 'periodic', 'effective', 4, '2024-10-2', '2(א)', 'GOV-01'),
  ('ffffffff-0000-0000-0000-000000000002', 'aaaaaaaa-0000-0000-0000-000000000001', 'ועדת אשראי עם הפרדת סמכויות', 'preventive', 'continuous', 'partially_effective', 3, '2024-10-2', '5', 'OPS-01'),
  ('ffffffff-0000-0000-0000-000000000003', 'aaaaaaaa-0000-0000-0000-000000000001', 'דיווח רבעוני לדירקטוריון על מפת סיכונים', 'detective', 'periodic', 'effective', 4, '2024-10-2', '2(א)', 'GOV-03'),
  ('ffffffff-0000-0000-0000-000000000004', 'aaaaaaaa-0000-0000-0000-000000000001', 'ועדת סיכונים בדירקטוריון עם תוכנית עבודה', 'preventive', 'periodic', 'partially_effective', 3, '2024-10-2', '3', 'GOV-04'),
  ('ffffffff-0000-0000-0000-000000000005', 'aaaaaaaa-0000-0000-0000-000000000001', 'SLA ספקים + ביקורות חוזיות', 'detective', 'periodic', 'partially_effective', 3, '2024-10-2', '6', 'OUT-02'),
  ('ffffffff-0000-0000-0000-000000000006', 'aaaaaaaa-0000-0000-0000-000000000001', 'מדיניות סייבר מאושרת ע״י הדירקטוריון', 'preventive', 'periodic', 'partially_effective', 3, '2022-10-9', '2(א)', 'CYB-GOV-01'),
  ('ffffffff-0000-0000-0000-000000000007', 'aaaaaaaa-0000-0000-0000-000000000001', 'סריקת חולשות רבעונית', 'detective', 'periodic', 'partially_effective', 3, '2022-10-9', '4', 'CYB-PRO-01'),
  ('ffffffff-0000-0000-0000-000000000008', 'aaaaaaaa-0000-0000-0000-000000000001', 'EDR + הגנה רב-שכבתית', 'preventive', 'continuous', 'effective', 4, '2022-10-9', '4', 'CYB-PRO-01');

-- ═══ RISK_CONTROLS (many-to-many) ═══

INSERT INTO risk_controls (risk_id, control_id, relationship_type) VALUES
  ('eeeeeeee-0000-0000-0000-000000000001', 'ffffffff-0000-0000-0000-000000000002', 'primary'),
  ('eeeeeeee-0000-0000-0000-000000000002', 'ffffffff-0000-0000-0000-000000000003', 'primary'),
  ('eeeeeeee-0000-0000-0000-000000000002', 'ffffffff-0000-0000-0000-000000000004', 'secondary'),
  ('eeeeeeee-0000-0000-0000-000000000003', 'ffffffff-0000-0000-0000-000000000005', 'primary'),
  ('eeeeeeee-0000-0000-0000-000000000005', 'ffffffff-0000-0000-0000-000000000006', 'primary'),
  ('eeeeeeee-0000-0000-0000-000000000006', 'ffffffff-0000-0000-0000-000000000007', 'primary'),
  ('eeeeeeee-0000-0000-0000-000000000006', 'ffffffff-0000-0000-0000-000000000008', 'secondary');

-- ═══ VENDORS ═══

INSERT INTO vendors (id, tenant_id, name, service_description, criticality, status, annual_value_nis, risk_rating, contact_name) VALUES
  ('77777777-0000-0000-0000-000000000001', 'aaaaaaaa-0000-0000-0000-000000000001', 'CloudTech Solutions', 'תשתיות ענן — AWS', 'critical', 'active', 180000, 4, 'John Smith'),
  ('77777777-0000-0000-0000-000000000002', 'aaaaaaaa-0000-0000-0000-000000000001', 'SecureNet', 'SOC חיצוני + ניטור', 'critical', 'active', 120000, 3, 'דניאל אברהם'),
  ('77777777-0000-0000-0000-000000000003', 'aaaaaaaa-0000-0000-0000-000000000001', 'DataBackup Ltd', 'גיבוי ו-DR', 'important', 'active', 48000, 2, 'רועי כהן'),
  ('77777777-0000-0000-0000-000000000004', 'aaaaaaaa-0000-0000-0000-000000000001', 'LegalDocs Pro', 'ייעוץ משפטי', 'standard', 'active', 36000, 1, 'עו״ד שרה לוי');

-- ═══ DOCUMENTS (templates) ═══

INSERT INTO documents (id, tenant_id, title, type, module, status, version) VALUES
  ('88888888-0000-0000-0000-000000000001', 'aaaaaaaa-0000-0000-0000-000000000001', 'מדיניות ניהול סיכונים 2026', 'policy', 'governance', 'approved', '2.0'),
  ('88888888-0000-0000-0000-000000000002', 'aaaaaaaa-0000-0000-0000-000000000001', 'מדיניות סייבר', 'policy', 'cyber_governance', 'draft', '1.0'),
  ('88888888-0000-0000-0000-000000000003', 'aaaaaaaa-0000-0000-0000-000000000001', 'תוכנית BCP', 'procedure', 'bcp', 'expired', '1.0'),
  ('88888888-0000-0000-0000-000000000004', 'aaaaaaaa-0000-0000-0000-000000000001', 'מדיניות מיקור חוץ', 'policy', 'outsourcing', 'approved', '1.0'),
  ('88888888-0000-0000-0000-000000000005', 'aaaaaaaa-0000-0000-0000-000000000001', 'דוח רבעוני לדירקטוריון Q4/2025', 'report', 'governance', 'approved', '1.0'),
  ('88888888-0000-0000-0000-000000000006', 'aaaaaaaa-0000-0000-0000-000000000001', 'נוהל תגובה לאירועי סייבר', 'procedure', 'cyber_incidents', 'approved', '1.0');

-- ═══ TASKS ═══

INSERT INTO tasks (id, tenant_id, title, module, assigned_to, status, priority, due_date, regulation_code, section_ref, req_code) VALUES
  ('99999999-0000-0000-0000-000000000001', 'aaaaaaaa-0000-0000-0000-000000000001', 'עדכון מדיניות ניהול סיכונים', 'governance', 'bbbbbbbb-0000-0000-0000-000000000001', 'completed', 'high', '2026-02-15', '2024-10-2', '2(א)', 'GOV-01'),
  ('99999999-0000-0000-0000-000000000002', 'aaaaaaaa-0000-0000-0000-000000000001', 'הכנת דוח רבעוני Q1/2026 לדירקטוריון', 'governance', 'bbbbbbbb-0000-0000-0000-000000000001', 'in_progress', 'high', '2026-03-31', '2024-10-2', '2(א)', 'GOV-03'),
  ('99999999-0000-0000-0000-000000000003', 'aaaaaaaa-0000-0000-0000-000000000001', 'ביצוע תרגיל DR', 'bcp', 'bbbbbbbb-0000-0000-0000-000000000001', 'pending', 'high', '2026-03-31', '2024-10-2', '7', 'BCP-03'),
  ('99999999-0000-0000-0000-000000000004', 'aaaaaaaa-0000-0000-0000-000000000001', 'סריקת חולשות Q1', 'cyber_protection', 'bbbbbbbb-0000-0000-0000-000000000002', 'in_progress', 'high', '2026-02-28', '2022-10-9', '4', 'CYB-PRO-01'),
  ('99999999-0000-0000-0000-000000000005', 'aaaaaaaa-0000-0000-0000-000000000001', 'עדכון תוכנית BCP', 'bcp', 'bbbbbbbb-0000-0000-0000-000000000001', 'overdue', 'high', '2026-01-15', '2024-10-2', '7', 'BCP-01'),
  ('99999999-0000-0000-0000-000000000006', 'aaaaaaaa-0000-0000-0000-000000000001', 'סקירת ספקים קריטיים', 'outsourcing', 'bbbbbbbb-0000-0000-0000-000000000001', 'pending', 'medium', '2026-04-30', '2024-10-2', '6', 'OUT-02'),
  ('99999999-0000-0000-0000-000000000007', 'aaaaaaaa-0000-0000-0000-000000000001', 'הדרכת פישינג Q1', 'cyber_protection', 'bbbbbbbb-0000-0000-0000-000000000002', 'pending', 'medium', '2026-03-15', '2022-10-9', '4', 'CYB-PRO-03');

-- ═══ BOARD MEETINGS ═══

INSERT INTO board_meetings (id, tenant_id, meeting_type, date, quarter, status, agenda) VALUES
  ('aabbccdd-0000-0000-0000-000000000001', 'aaaaaaaa-0000-0000-0000-000000000001', 'ישיבת דירקטוריון רבעונית', '2026-01-15', 'Q4/25', 'completed', '["דוח ציות Q4","סקירת KRI","עדכון BCP","אישור תקציב סייבר"]'),
  ('aabbccdd-0000-0000-0000-000000000002', 'aaaaaaaa-0000-0000-0000-000000000001', 'ועדת סיכונים', '2026-02-15', 'Q4/25', 'completed', '["סקירת מפת סיכונים","סטטוס בקרות","ספקים קריטיים"]'),
  ('aabbccdd-0000-0000-0000-000000000003', 'aaaaaaaa-0000-0000-0000-000000000001', 'ישיבת דירקטוריון רבעונית', '2026-04-15', 'Q1/26', 'scheduled', '["דוח ציות Q1","סקירת KRI","עדכון BCP","מעקב החלטות Q4"]');

-- ═══ BOARD DECISIONS ═══

INSERT INTO board_decisions (id, meeting_id, tenant_id, text, owner_name, due_date, status) VALUES
  ('11223344-0000-0000-0000-000000000001', 'aabbccdd-0000-0000-0000-000000000001', 'aaaaaaaa-0000-0000-0000-000000000001', 'אושרה מדיניות ניהול סיכונים 2026', 'יוסי לוי', '2026-02-28', 'done'),
  ('11223344-0000-0000-0000-000000000002', 'aabbccdd-0000-0000-0000-000000000001', 'aaaaaaaa-0000-0000-0000-000000000001', 'תקציב סייבר ₪280K — אושר', 'דנה כהן', NULL, 'done'),
  ('11223344-0000-0000-0000-000000000003', 'aabbccdd-0000-0000-0000-000000000001', 'aaaaaaaa-0000-0000-0000-000000000001', 'צמצום ריכוזיות נדל״ן ל-30%', 'יוסי לוי', '2026-06-30', 'in_progress');

-- ═══ KRIs ═══

INSERT INTO kris (id, tenant_id, name, module, threshold, current_value, previous_value, trend, breached) VALUES
  ('55555555-0000-0000-0000-000000000001', 'aaaaaaaa-0000-0000-0000-000000000001', 'יחס הון עצמי', 'credit', '12%', '14.2%', '13.8%', 'stable', false),
  ('55555555-0000-0000-0000-000000000002', 'aaaaaaaa-0000-0000-0000-000000000001', 'NPL Ratio', 'credit', '5%', '3.8%', '4.1%', 'improving', false),
  ('55555555-0000-0000-0000-000000000003', 'aaaaaaaa-0000-0000-0000-000000000001', 'ריכוזיות ענפית', 'credit', '30%', '34%', '31%', 'deteriorating', true),
  ('55555555-0000-0000-0000-000000000004', 'aaaaaaaa-0000-0000-0000-000000000001', 'יחס נזילות', 'operational', '100%', '128%', '125%', 'stable', false),
  ('55555555-0000-0000-0000-000000000005', 'aaaaaaaa-0000-0000-0000-000000000001', 'כשלי IT', 'operational', '3', '4', '2', 'deteriorating', true),
  ('55555555-0000-0000-0000-000000000006', 'aaaaaaaa-0000-0000-0000-000000000001', 'זמן שחזור DR', 'bcp', '8 שעות', '6 שעות', '7 שעות', 'improving', false);

-- ═══ COMPLIANCE STATUS (sample) ═══

INSERT INTO compliance_status (id, tenant_id, requirement_id, status, last_reviewed) VALUES
  ('66666666-0000-0000-0000-000000000001', 'aaaaaaaa-0000-0000-0000-000000000001', '33330001-0000-0000-0000-000000000001', 'compliant', '2026-01-15'),
  ('66666666-0000-0000-0000-000000000002', 'aaaaaaaa-0000-0000-0000-000000000001', '33330001-0000-0000-0000-000000000002', 'compliant', '2025-09-01'),
  ('66666666-0000-0000-0000-000000000003', 'aaaaaaaa-0000-0000-0000-000000000001', '33330001-0000-0000-0000-000000000003', 'in_progress', '2026-01-15'),
  ('66666666-0000-0000-0000-000000000004', 'aaaaaaaa-0000-0000-0000-000000000001', '33330001-0000-0000-0000-000000000005', 'in_progress', '2026-01-15'),
  ('66666666-0000-0000-0000-000000000005', 'aaaaaaaa-0000-0000-0000-000000000001', '33330001-0000-0000-0000-000000000011', 'non_compliant', '2026-01-15'),
  ('66666666-0000-0000-0000-000000000006', 'aaaaaaaa-0000-0000-0000-000000000001', '33330002-0000-0000-0000-000000000001', 'in_progress', '2026-01-15'),
  ('66666666-0000-0000-0000-000000000007', 'aaaaaaaa-0000-0000-0000-000000000001', '33330002-0000-0000-0000-000000000004', 'in_progress', '2026-01-15');
